Registration Time,org
2022-10-19 13:43:15,cu
2022-10-19 18:53:05,cu
2022-10-27 09:56:39,cu
2022-10-25 13:45:37,cu
2022-10-20 09:37:27,cu
2022-10-20 01:22:22,cu
2022-10-19 08:18:05,cu
2022-10-19 15:10:27,cu
2022-10-20 09:37:19,cu
2022-10-20 08:42:09,cu
2022-10-18 16:55:11,cu
2022-10-19 17:22:12,cu
2022-11-03 18:48:42,cu
2022-10-19 15:27:27,cu
2022-10-19 14:51:08,cu
2022-10-19 15:22:44,cu
2022-10-28 09:42:43,cu
2022-10-27 09:49:16,cu
2022-10-20 11:26:03,cu
2022-10-19 14:56:17,cu
2022-10-19 14:08:30,cu
2022-10-19 18:27:46,cu
2022-10-19 17:00:23,cu
2022-10-25 11:24:08,cu
2022-10-19 15:36:56,cu
2022-10-27 10:00:37,cu
2022-11-02 14:48:26,cu
2022-10-19 14:39:56,cu
2022-10-27 18:20:13,cu
2022-10-26 09:39:19,cu
2022-10-21 14:16:11,cu
2022-10-19 15:31:09,cu
2022-10-18 18:30:11,cu
2022-10-27 09:13:31,cu
2022-10-20 09:32:57,cu
2022-10-19 23:50:05,cu
2022-10-23 12:49:51,cu
2022-10-18 14:41:10,cu
2022-11-02 07:49:57,cu
2022-10-20 11:05:43,cu
2022-10-19 16:21:21,cu
2022-10-28 10:19:49,cu
2022-10-21 12:33:57,cu
2022-10-23 16:59:23,cu
2022-10-19 16:35:59,cu
2022-10-19 14:28:28,cu
2022-10-25 12:41:08,cu
2022-11-02 09:42:12,cu
2022-10-27 09:21:45,cu
2022-10-19 17:31:47,cu
2022-10-18 14:22:39,cu
2022-10-20 10:01:00,cu
2022-10-19 22:45:01,cu
2022-10-19 14:20:02,cu
2022-10-19 14:27:38,cu
2022-10-27 09:12:56,cu
2022-10-24 13:31:55,cu
2022-10-19 16:38:15,cu
2022-10-22 16:22:12,cu
2022-10-19 14:57:15,cu
2022-10-20 09:00:58,cu
2022-11-02 12:36:14,cu
2022-11-02 13:57:59,cu
2022-10-19 14:40:24,cu
2022-11-07 09:14:45,cu
2022-10-23 00:04:36,cu
2022-11-03 11:20:04,cu
2022-10-19 15:37:43,cu
2022-10-19 16:11:10,cu
2022-10-26 11:06:20,cu
2022-10-19 14:56:58,cu
2022-10-20 09:44:33,cu
2022-10-18 23:13:08,cu
2022-10-18 13:04:49,cu
2022-11-07 09:41:13,cu
2022-10-26 11:27:46,cu
2022-10-21 10:55:38,cu
2022-10-27 16:51:16,cu
2022-11-01 09:35:13,cu
2022-10-19 16:44:53,cu
2022-10-19 19:31:09,cu
2022-10-27 12:17:51,cu
2022-10-19 16:54:16,cu
2022-10-20 11:24:32,cu
2022-10-19 23:09:18,cu
2022-10-20 12:54:15,cu
2022-10-25 13:08:45,cu
2022-10-21 11:50:57,cu
2022-10-20 12:13:22,cu
2022-10-19 14:56:34,cu
2022-10-19 10:56:23,cu
2022-10-19 16:23:01,cu
2022-10-19 12:16:54,cu
2022-10-18 14:03:03,cu
2022-11-02 09:18:24,cu
2022-11-05 22:39:20,cu
2022-10-19 15:32:53,cu
2022-10-21 11:22:30,cu
2022-10-19 15:10:26,cu
2022-11-07 08:27:30,cu
2022-10-22 20:52:18,cu
2022-10-20 11:36:32,cu
2022-10-19 15:20:48,cu
2022-10-25 13:04:04,cu
2022-10-20 09:21:08,cu
2022-10-23 22:58:43,cu
2022-10-25 14:54:24,cu
2022-10-19 13:39:06,cu
2022-10-19 18:45:29,cu
2022-10-19 17:06:56,cu
2022-11-07 09:14:13,other
2022-11-07 02:15:08,other
2022-10-27 12:30:02,other
2022-10-19 11:02:41,other
2022-11-07 11:20:16,other
2022-11-01 18:08:00,other
2022-10-24 13:52:38,other
2022-10-27 14:02:54,other
2022-10-19 23:53:55,other
2022-10-18 14:56:04,other
2022-11-07 02:01:00,other
2022-10-29 12:16:24,other
2022-10-27 16:16:17,other
2022-10-18 17:44:31,other
2022-10-19 15:50:50,other
2022-10-19 17:14:08,other
2022-10-19 04:42:04,other
2022-11-04 12:48:04,other
2022-11-03 15:29:27,other
2022-10-31 04:43:43,other
2022-10-19 15:20:31,wcm
2022-10-19 10:14:37,wcm
2022-10-24 17:50:28,wcm
2022-10-19 09:51:56,wcm
2022-10-27 13:46:12,wcm
2022-10-18 14:57:00,wcm
2022-10-19 08:44:47,wcm
2022-10-20 11:10:50,wcm
2022-11-06 20:04:21,wcm
2022-10-28 09:57:52,wcm
2022-10-27 10:46:16,wcm
2022-10-18 15:28:25,wcm
2022-10-27 13:45:53,wcm
2022-10-20 09:52:51,wcm
2022-10-19 13:27:09,wcm
2022-10-18 17:14:27,wcm
2022-10-20 09:23:55,wcm
2022-10-19 20:56:41,wcm
2022-10-27 13:53:05,wcm
2022-10-19 09:41:01,wcm
2022-10-28 09:01:24,wcm
2022-11-06 19:07:15,wcm
2022-10-27 13:47:11,wcm
2022-10-27 14:25:34,wcm
2022-10-18 15:25:42,wcm
2022-11-04 10:44:16,wcm
2022-10-18 16:24:58,wcm
2022-10-31 10:50:55,wcm
2022-10-19 10:46:05,wcm
2022-10-19 13:33:12,wcm
2022-10-24 10:29:44,wcm
2022-10-18 15:53:13,wcm
2022-10-18 14:57:34,wcm
2022-10-18 15:56:43,wcm
2022-10-18 15:24:57,wcm
2022-10-27 16:18:36,wcm
2022-10-21 11:09:59,wcm
2022-10-18 15:12:15,wcm
2022-11-01 10:54:02,wcm
2022-10-18 15:06:33,wcm
2022-10-18 15:41:59,wcm
2022-10-28 09:56:01,wcm
2022-10-24 13:53:01,wcm
2022-11-03 20:25:23,wcm
2022-10-19 08:51:19,wcm
2022-10-18 14:59:37,wcm
2022-10-18 15:41:47,wcm
2022-11-01 23:16:39,wcm
2022-10-20 12:56:04,wcm
2022-10-27 14:56:58,wcm
2022-10-27 14:46:32,wcm
2022-10-27 14:05:55,wcm
2022-10-27 14:01:44,wcm
2022-10-19 14:42:46,wcm
2022-10-27 19:01:55,wcm
2022-10-19 09:02:58,wcm
2022-10-27 14:14:49,wcm
2022-10-19 15:35:47,wcm
2022-10-24 05:52:57,wcm
2022-10-18 15:07:46,wcm
2022-10-31 17:07:31,wcm
2022-11-01 10:10:12,wcm
2022-10-18 15:24:31,wcm
2022-10-19 15:47:18,wcm
2022-10-28 10:35:41,wcm
2022-10-23 00:10:19,wcm
2022-10-18 16:11:51,wcm
2022-10-19 11:31:27,wcm
2022-11-01 09:47:57,wcm
2022-10-18 16:54:23,wcm
2022-10-27 13:50:51,wcm
2022-10-21 14:46:02,wcm
2022-10-19 10:16:29,wcm
2022-10-18 17:21:15,wcm
2022-10-27 17:51:17,wcm
2022-10-24 13:09:35,wcm
2022-11-06 17:00:07,wcm
2022-10-27 13:48:46,wcm
2022-10-18 15:42:36,wcm
2022-10-18 15:05:34,wcm
2022-10-27 14:00:48,wcm
2022-11-04 16:20:54,wcm
2022-10-18 17:15:41,wcm
2022-10-18 15:25:44,wcm
2022-10-31 10:00:18,wcm
2022-11-02 01:36:58,wcm
2022-10-28 10:35:24,wcm
2022-10-24 13:44:59,wcm
2022-10-19 11:46:30,wcm
2022-10-18 14:57:24,wcm
2022-10-19 15:07:46,wcm
2022-10-19 10:01:28,wcm
2022-10-27 14:22:16,wcm
2022-10-18 16:49:18,wcm
2022-10-27 15:24:13,wcm
2022-10-27 14:11:41,wcm
2022-10-31 10:50:29,wcm
2022-10-19 16:58:22,wcm
2022-10-21 11:20:45,wcm
2022-10-19 12:47:07,wcm
2022-11-01 10:46:08,wcm
2022-10-19 11:11:36,wcm
2022-10-18 18:43:33,wcm
2022-10-26 08:57:26,wcm
2022-10-27 13:42:50,wcm
2022-10-18 15:51:00,wcm
2022-10-27 15:37:02,wcm
2022-10-27 14:02:49,wcm
2022-11-06 20:20:23,wcm
2022-10-20 10:38:48,wcm
2022-10-19 11:17:12,wcm
2022-11-07 14:48:17,wcm
2022-10-18 16:39:22,wcm
2022-11-02 13:49:13,wcm
2022-10-27 15:11:09,wcm
2022-10-18 16:12:50,wcm
2022-10-18 18:04:31,wcm
2022-10-18 16:39:09,wcm
2022-10-27 15:27:42,wcm
2022-10-18 16:04:42,wcm
2022-10-27 14:51:59,wcm
2022-10-27 15:28:34,wcm
2022-10-31 18:22:51,wcm
2022-10-28 11:38:44,wcm
2022-10-27 15:51:28,wcm
2022-10-18 17:14:23,wcm
2022-10-18 15:31:07,wcm
2022-10-18 15:32:57,wcm
2022-10-18 22:27:07,wcm
2022-10-18 15:18:09,wcm
2022-10-19 10:07:11,wcm
2022-10-27 14:50:53,wcm
2022-10-19 13:42:07,wcm
2022-11-01 10:27:14,wcm
2022-10-19 15:33:51,wcm
2022-10-25 10:31:17,wcm